file_name,raw_text_paddle,raw_text_easy,raw_text_tasseract,cer_paddle,cer_easy,cer_tesseract,wer_paddle,wer_easy,wer_tesseract,ground_truth,avg_cer_paddle,avg_cer_easy,avg_cer_tesseract,avg_wer_paddle,avg_wer_easy,avg_wer_tesseract
primer_0002.jpg,"ALFAMIDI ADISUMARMO ADISUMARM0/081226636221 JL.ADI SUMARMORT.O4/RW. WA/SMS081110640888 Bon 38,200 BAGUS LEM AJAIB 219,100 Disc. -8,400 38,200 Total Item 1 8,400 Total Disc. 29,800 Total Belanja 800 Voucher Tunai 100,000 Kembalian 71,000 PPN( 3,350 Tg1.19-05-2022 07:26:47V.2022.3.0 Member : ROSIHAN ARI YUANA POIN KARTU PONTA ANDA 1006 Selamat Poin anda bertambah 129 PT MIDI UTAMA INDONESIA TBK NPWP:02.672.927.7-054.000","ALFAHIDI ADISUNARHO /0817 ADI SUMARMO; RT. 04 RW id Co. ~ Kritik Saran:> ;1500959,41~ HA/SHS 0811 sE Bon 5103-864-19053H06 Kasir BAGUS LEH AJAIB 2 19,100 Disc. -8,400 Total   Iter 38,200 Total   Disc. 8,400 Total  Belanía 29,800 Voucher 800 Tuai 100,000 Kerbal ían 71,000 PPN 3,350) Tgl . 19-05-2022 07:26:47  V.2022.3.0 Hetber ROSIHAN  ARI  YUANA POIN Kartu ponta Anoa 1005 Selarat Poin anda bertarbah 129 PT HId[ UTaha INDONeSIa Tex NPHP 02.672. "" 7-054.00 KfA TOER LI. 12, 1 JALUR Ka:. 7-9 Alah SUtERa PILIY; KOIA IANERIY BITFV ADISUMARMO 1726636221 facareJru. C 1110640888 AGUNG 38,200 927.7 SUTERA E{;aI PaYaccsYCXY IIKR","ALFAMIOT ADISUMARMO ADT SUMARMO/08122663622 BAGUS LEM AJAIB Disc. -8,400 — oo eee een Total Iter | 38, 200 Total Disc. 8, 400 lotal Belanja 29,800 Voucher 800 Kerbalian PPN ( ig). 19-05-2022 07:26:47 ¥.2022.9.0 voiber : ROSTHAN ART YUANA oe eee ee a te ee ee ee ee a we om ee oe ee, = on, cad POIN KARTU PONTA ANDA 1006 <efarat Poin anda bertatbah 129 oT MIDI UTAKA INDONESTA Tex NPHP + 02.672. 977. 7-054, 009 . 4 TOWER LT. 12s ul JALUR gy “9 ALAN SUTERA PANG OAT DINANG KOTA TANGERING Barry ZAR",0.2445,0.66,0.7356,0.3692,1.1538,1.3231,"ALFAMIDI ADISUMARMO
ADISUMARMO/081226636221
JL.ADI SUMARMO, RT.O4/RW.
Kritik&Saran:1500959,Alfacare@mu.co.id
WA/SMS : 081110640888
Bon  SI03-864-19053HD6 Kasir : AGUNG SE
BAGUS LEM AJAIB 2 19,100 38,200
Disc. -8,400
Total Item 1 38,200
Total Disc. 8,400
Total Belanja 29,800
Voucher 800
Tunai 100,000
Kembalian 71,000
PPN(3,350)
Tg1.19-05-2022 07:26:47 V.2022.3.0
Member : ROSIHAN ARI YUANA
POIN KARTU PONTA ANDA 1006
Selamat Poin anda bertambah 129
PT MIDI UTAMA INDONESIA TBK
NPWP:02.672.927.7-054.000",0.1561,0.4994,0.5289,0.344,0.973,1.3056
primer_0051.jpg,TOKOSUKATANT TOKO SUKATANI Perumahan Pondok Sukatani Permai Blok A2 No.12 Tapos -Depak 2026-03-31 Kasir******* 11:36:55 Sun Kara TCA 65m1 1 X Rp 155.000 0 Rp 166.0QQ Samba Terasi ABC lyooo XRp 13.000 Rp26.000 sambal uleg 1 X Rp 12.000 Rp 12.000 Gula Merah 2X Rp 16.000 Rp 32.000 Tepung Sasa 1 X Rp 23.000 Rp 23.000 Sukra/Katom 2000 1X Rp 17.500 Rp 17.500 Sub Total Rp 265.500 Total Rp 265.500 Bayar (Cash) Rp 265.500,"IY) TokQ BUATNI TOKO SUKATAH] Perumahan Pondok Sukatani Permila 1 Blok 42 No. 12 Tapos Depok 2026-03-31 Kasir ##ff44* 11,36,55 Sun Kara TCA 65m/ 1 X Rp 155. 0o0 SazbaX Terasi   ABC 8244899 { X Rp 13. 000 Z6. oo0 sacba |   uleg 1 X Rp 12. Do0 Rp 12. O0o Gula Kerah 2 X Rp 16.D00 Rp 32. 000 Tepung Sasa 1 X Rp 23,000 Rp 23. 000 Sukro/atom 2000 X Rp 17, 500 Rp 17, 500 Sub Tota / Rp 265. 500 Tota / Rp ""265. 5( Bayar   (Cash) Rp 265, 500","TOKO SUKATANT TOKO SUKATAN Perumahian Pondok Sukatani Periat Blak A2 No, 12 Tapas - Depak 2026-03-31 KaSIr + eR 11:36:55 oun Kara TCA 65m 1 X Ro 155. 000 Bayar (Gash) Rp 265, 500 ee ee - ee ee ed wm em wee (cent ei a’ Te Co ome ke | Terasi ABC Ro 13.000 sambal uleg 1 X Rp 12.000 Rp 12. O00 Gula Merah 2 X Rp 16.000 Ro 32. 000 Tepung Sasa 1X Ro 23. 000 Ro 23, 000 Sukro/Katow 2000 1 xX Rp 17. 900 Rp lf. 500 Sub Total Rp 266; 4O0 — Jatal Rp 265. 500",0.0885,0.2823,0.4043,0.2025,0.6709,0.8608,"TOKO SUKATANI
TOKO SUKATANI
Perumahan Pondok Sukatani Permai
Blok A2 No.12 Tapos - Depok
2026-03-31 Kasir:*******
11:36:55
Sun Kara TCA 65m1
1 X Rp 155.000 Rp 166.0QQ
Sambal Terasi ABC
2 X Rp 13.000 Rp 26.000
sambal uleg
1 X Rp 12.000 Rp 12.000
Gula Merah
2 X Rp 16.000 Rp 32.000
Tepung Sasa
1 X Rp 23.000 Rp 23.000
Sukra/Katom 2000
1 X Rp 17.500 Rp 17.500
Sub Total Rp 265.500
Total Rp 265.500
Bayar (Cash) Rp 265.500",,,,,,
primer_0052.jpg,"PENJUALAN (ASLI) ALINA AGUNG PERKASA ABANG KIW NO.NOTA:348-260507001A005 MOBIL B9737KR TANGGAL2026-02-04 Rit1 DRIVER 23.0285Irhas HELPER 1:26.0056 Rahmat Hidayat PELANGGAN338-250527R HELPER2 KIOS NADYA, WR-JALAN MAJA NO.24 SUKATANI KECAMATAN TAPOS KOT A DEPOK JAWA BARAT KODE NAMA BARANG QTY HARGA DISKON JUMLAH 164026VT.220ML MOKSA 1X24 10-d00 10 19,000.00 0.00 190,000.00 TOTAL: DRp190,000.00 Diterima Oleh Pengirim Catatan: -untuk pembayaran TUNAl, nota penjualan ASLI untuk pelanggan -Harga sudah termasuk PPN. Area348-PL17/SegmentGT RETAIL (GR","PENJUALAN (AsLI) ALINA AGUNG PE RKASA HHH ABANG KIW NO NUJTA 263050/001A(b ; MOBIL B9737K. ;R TANGGAL 2026-02 .04 Rıt DRIVER 23 0285 HELPER 26 0056 Rahmat Hıdayat PELANGGAN   338-250527 (R) HELPER 2 kIOS NADYA WR JALAN MAJA NO 24 SUKATANI KECAMATAN TAPOS KOT DEPOK JAWA BARAT KODE NAMA BARANG HARGA DISKON JUMLAH 164026 VT 22DML MOKSA 1X24 19,000 0o 00 190,0o0 00 TOTAL Rp 190,0oo 0o Dıter ma Pengirim Catatan untuk pembayaran TUNAI nota penjualan ASLI untuk pelanggan; untuk pembayaran KREDIT, nota penjualan COPY untuk pelanggan Harga sudah termasuk PPN Area 348-PL17 Segment  G RETAIL (GR) 346 Irhas 868 Oleh","‘ at’ ‘ ; op og 4 ar Ww i . . ' a , ’ ‘ a, oe i. e a | ' ' rt? ‘ ‘ . Cu eof ote a yi . ’ vy ~ . , . « . r] } t a ry . ‘ ' \ .* 4 ‘ ‘ $ 4 ) é ‘ “ s \ ; woot ‘ ae . ‘ 4 . ¥ 4 ' eo ' “ t , . x , ‘ re ‘ \ ‘ y oan | \ ’ VV ' } ? F] + ‘ 1 4 ‘ ' 1 ' ‘ ¥, } a, a) \ @' .' ' . ’ ' ’ ainwnene ress” {MMM MINH UABANG KIM NO. NOTA : 348-260507001A00 MOBIL _: B9737KXR TANGGAL : 2026-02-04 Rit 1 DRIVER =: 23.0285 Irhas HELPER 1 : 26.0056 Rahmat Hidayat a PELANGGAN - 338-250527 (R) HELPER 2 : | KIOS NADYA, WR - JALAN MAJA NO.24 SUKATANI KECAMATAN TAPOS KOT A DEPOK JAWA BARAT KODE | ___NAMABARANG “TTY | HARGA [ DiSKON T JUMLAH 164026 | VT.220ML MOKSA 1X24 19.000.00| 1° 190,000.00 | aygran TUNAI, nota penjualan ASL dntuk He papnggan, \- - untuk pembayayan KREDIT, nota a penlualay be ¢ , Harga #udah termasuk PPN. ¢",0.1621,0.201,0.7958,0.3333,0.7531,2.321,"PENJUALAN (ASLI)
ALINA AGUNG PERKASA
ABANG KIWI NO.NOTA:348-260507001A005
MOBIL: B9737KKR TANGGAL: 2026-02-04 Rit1
DRIVER: 23.0285 Irhas HELPER 1:26.0056 Rahmat Hidayat
PELANGGAN:338-250527(R) HELPER 2
KIOS NADYA, WR-JALAN MAJA NO.24 SUKATANI KECAMATAN TAPOS KOT
A DEPOK JAWA BARAT
KODE NAMA BARANG QTY HARGA DISKON JUMLAH
164026 VT.220ML MOKSA 1X24 10 19,000.00 0.00 190,000.00
TOTAL: Rp190,000.00
Diterima Oleh Pengirim
Catatan:
-untuk pembayaran TUNAI, nota penjualan ASLI untuk pelanggan
-untuk pembayaran KREDIT, nota penjualan COPY untuk pelanggan
-Harga sudah termasuk PPN.
Area348-PL17/Segment: GT RETAIL (GR)",,,,,,
primer_0040.jpg,"AT Depck Distibusiodo Rayg 2152946021 SURAT PENGANTAR NoP07106142.5-641.2000 7gl.Penqukuhn PKF 20.10.z015 Hal:1/1 Tanggal31.01.2025 Rifan- Pembel 1928307/1928307 Kirim Ke1923307 2152946021 RELUHAN PELANCGAN KIUS.NADYA/ETIN NURHAYATI KIDS.NODYA/ETIN HURHAYATI L.DELINC4RT.2 R.15H.8414 KEL.SUKATAKI KA021-50957907 DEPOK 90230242-2593012291 DEPOK NOMOR TANGGAL NOMOR POLISI NAMA SUPIR SALES PEMBAYARAN NOMOR MOBIL NO.SHIPMENT ORDER JATUH TEMPO 80220911 Rifan 159077093 CASH .01.2025 TDX000401 R9040TCH Edi Kurniauan HARGA REGULAR JUMLAH KODE ISI PROMO QUANTITY BATCH NAMA BARANG (Pcs Rp. DISCOUNT DISCOUNT (Rp.) BARANG 1B0X 20251 LALA ANGGUR CUP 15L 24PCS 19.500 19.500 1X 20252 DLALA JAPBU CUP 350 24FC 19.500 19.500 3DX 50038 TEH KIO SULA KATU CUP 130M 24PCS 19.300 57.900 75PCS 20262 KUPT TOP CULA AREN226 R15 1PCS 1.50 43.725 80.025 35 PCS 80539 SOKLIHLIR DET FERFUME JUNB SE AOML R7 1PCS 775 3.875 23.250 449 7PCS 52988 J SEDAAP HIE CURENG ALA CKEF DOG 93GR IRCS 2.74843 19.239 3PCS 62988 SEDAAP MIE CORENG ALA CHEF ROC 93CK 1PCS 2.740 8.245 10PCS 20088 SUKSES HIE GORENS ATAM KRENES UAE 133R 1CS 3.431,30 34.313 1BX 20184 J GOLDA DGLCE LATTE RTL 200HL 12PCS 34.900 34.800 1BX 20272 MILKU COKLAT PREMTUM 2O0 KL 12PCS 34.020 34.020 1B0X 20392 MILKU DEIINAL 200 M.ISI12 12PCS 34.020 34.020 100X 20273 HILK0STRORERT 200 12PCS 34.020 34.020 Harga sudah termasuk PPN Tanda Trae PronoT 2. Klaim Kesalahan Faktur tidak diayani setelah dokumen ini ditanda tangani. SUB TOTAL 100 Koli 398.832 Hohon Perbayaran Hanga ke 00003 FT Depok Distribusindo Kaga Rekening yang Tertera Disini Bank Trade Frano BANKHUL.TE ARTA SENTOSA MAS1001O31867 R25 Selesai dibongkar jam No.Rek.: Sebelum ditanda-tangan,harap diperiksa dengan benar ika jesnan tisak sesuai hobung 144023 keluhan pelangga 2x24janlapirka KKodo custoner dan DetaL nasalal  Bukti sP dan ahel list POOLE 1.20250126:55 Pembeli(Nama&Stempel TOTAL YANG enjual DIBAYAR 390.507 Lembar 1PenjualCR/Pembeli Cash Lembar2:Accounting Lembar3Pembeli CR)/Penjual Cash Lembar4Ekspedisi","SURAT PFNGANIAR Tungqul GIFIIZ Ha Kirim Ke KH ""3: *| {i} , ; "" : % {F , 8} % "" (:*,+ '8 {W: |5? 7 ,4 & Mifusu { 156 a '# Y,a Gihl * {wtv rix } aid K2fi 7m Cha MFy 2*6 KIS 44 /2 '4 | f# Hxf F sFsn J#yt # TF 5; "": } 2:* 'Lic /M Ke Era 4 3 Cwet Wir $ :6f 2 ; ""4y ""{ 6[W:ar # M (vi{F [g ! i6x' 4a: M2 83 Mu N""w th{* f BAf [}ju 1 8{1 # 24 Kufi |a:fE 6'i ""f;a 1 9 ? ': 289 [łWlAf ""Riaes Zii N 4 {$;; ' [sf f5' #gł} 'W # { ! 12 12 W [; "" ""9 S}maaa: Z6d # 1* H ? ( e ##6#n#pa*$hm#4**9**#ny [0/ 3} {'r mp'9t tattkym] t445 Hoya Judah frn9sı PPN 446, Klalm Kesakihdn Faktu dak diziy8oI seleluh dckuriof 4I diteina Bula LLWNaS_ Suat Pengatitex B8t WAJIB} dombal   Jke TIDAK_ 10nyanı Sub TotAL Pomteyaran dengan Guo herayd} dualuengmukan mahe {eidd Mwinjdd terıggung /Bwab   pełanígan Aek;; ~ ~y'# ,$4f #atfi bus , #80 66e4 Pag 8 , Sent# dbonhx pm He. Koh Dp 4 #WT: #ft Jn}cra Ra; li "" 39 1 Ssuehumn Otanda targan harap diperiksa dengan benar. ""p2v  ## h~%+90349 2;+ 4 Io~ fwImt 4,4 L^ #ia obeh {~am? Hempel) Total Yang 8nivpi DibAYAR h1 F,Gl Clf M;: Kh) Pupitaw P+ Lembar 2 Accountıng lamıhar ) (CR) (Cash) Lembar Ekopedtle 7u fvp;* {8y  3aJ0 51 'JL Fwqy Pembeil ] Penuai","ui ee {tt iA na (ees a £7) Benek, pietbloveios Rays A n ee : MV oo P| Ro. NMP 07,106, 642. ree eye oN , ‘Yg2. Pengukutan PRP: Naa if ae = Ms SAT Dent ely: O21 ‘a7995 pge3-KY Tanggal:3]. 1. 21125 f : Rifan - ~ €. I a fa ce toms eT UL VEBON.. Kirim Ke 4923307 es GP274602 1 YELUHAN oELANGGAN ——- i ' | embell 192830 HURHAVATI KIS. MADYA/ETIH HURHAYATE SUMBTOME Kila 921-50757 907 a ‘a re , Ui RELINGING 4 RT. 2 KM. 1S AU MWe LP KEL. SUNATARE KA 02 ie {en ; wpo2aozaz-2502012291 DEPOK SUPIR ! R POLIS! | NAMA ‘a : OMOR TANGGAL | NOMOR MOBIL | NOMO SOOSPOMENT SALES | ORDER | PEMBAYARAN | JATUH TEMPO fORCENIOT. i eet TCR G PROMO REGULAR JUMLAH www | KODE aon NAMA BARANG |(Pes) RD) DISCOUNT | DISCOUNT Rp. la ! BARANG - un 19. S08 ~- QLALA ANGGUR CUP LS0 ML tA Piss AF tit 2500 | QLALA JAMEL CUP 450 ML 24 PES 49. a sti => ong |: TER AIG GULA TATE CUP LBA ie FES A830 3 ag | o ; cs [20262 KOPE TOP GULA AREN 226 RIS i Pes 1. 456 oon g0539 SEKLIH LIQ DEY PERFURE YUNDO SO 45H R? 2 HES as 23. 258 | {82968 «=. SEOAAP NTE GORENG ALA CHEF BAS 93gR LPS] 2.8 48 19.237 | 62988 «= SEDAAF NIE GURERG ALA CHEF to 996K > ROS 2. 788 8.295 20088 = SUKSES MIE GORENG AYN KRENES ANE 1336R a ees] 2. 3134 34,313 | 20184 % GOLOA DOLCE LATTE RTL sgont 12 PES i. GG 34. 900 - (20272 RILEY CORLAT PRERIOH 200 ft | 12 PES 34, 29 34.020 \. 1 BOX [20392 NILKU ORIGINAL 2NO ML LST ay a 12 pes 34, (129 14 026 a: 20273 MILKY STRORERT 200) He 12 PES 3d B20 34.029 . S }] scugsoeaudeRud: BR SOK RAB ARAN NE RICE AKANE ERICH SOKWRRR End RE EGELUIOAL HAHEI AERP Mo tse Die eae Beas te pag th atin aaa tee Bee Nae SRE WR RS nies . ({ 1. Harga sudah termasuk PPN OO ‘a . 4. Pembayaran dengan Gio harap diatesnenrcle Hokea em houat a Toa ea ee 3 os ) . BT Dapok Bistribusinds Raga Rekoning gaag Tartera Digiai Trade Erona > yar Qe No. Rak. - _ BARK MULTY ARTA S SERTOSA ‘BAS) 180 ABB? felishaa ralaaygae © iby ia jae Lane ivkaa: - C . AL Mode custonay dan Detail wasabah - ae + Bak SP dan {hed Mist i , y TOTAL YANG [MSY DIBAYAR a | \ DELAP AN PULUH Ty JUH RUPIAH ¢ } ef , counting Lembar 3: Pembeli (CR) / Penjual eS - Ko aoe ot a . » +",0.2383,0.8098,0.6697,0.5589,0.9865,1.4276,"PT Depok Distibusindo Raya SURAT PENGANTAR 2152946021
No MPWP 07106142.S-641.2000
Tgl.Penqukuhan PKP 20.10.2015 Tanggal 31.01.2025 Hal:1/1
Rifan-
Pembeli 1928307/1928307 Kirim Ke 1923307 2152946021
KIOS.NADYA/ETIN NURHAYATI
KIOS.NODYA/ETIN HURHAYATI KELUHAN PELANGGAN
DEPOK Jl.BELIMBING 4 RT.2 R.15 HD.8414 KEL.SUKATANI KWA 021-50957907
PD : 90230242-2593012291 DEPOK
NO.SHIPMENT SALES NOMOR ORDER PEMBAYARAN TANGGAL JATUH TEMPO NOMOR MOBIL NOMOR POLISI NAMA SUPIR
80220911 Rifan 159077093 CASH 31.01.2025 TDX000401 B 9040 TCH Edi Kurniauan
QUANTITY KODE BARANG BATCH NAMA BARANG ISI(Pcs) HARGA(Rp.) PROMO DISCOUNT REGULAR DISCOUNT JUMLAH (Rp.)
1BOX 20251 OLALA ANGGUR CUP 150ML 24PCS 19.500 19.500
1BOX 20252 OLALA JAPBU CUP 150ML 24PCS 19.500 19.500
3BOX 50038 TEH RIO GULA BATU CUP 180ML 24PCS 19.300 57.900
75PCS 20262 KOPI TOP CULA AREN 226 R1S 1PCS 1.650 43.725 80.025
35PCS 80539 SOKLIN LIQ DET FERFUME JUMBO SC 40ML R7 1PCS 775 3.875 23.250
7PCS 62988 SEDAAP MIE GORENG ALA CHEF BAG 93GR 1PCS 2.748,43 19.239
3PCS 62988 SEDAAP MIE CORENG ALA CHEF BAG 93GR 1PCS 2.740 8.245
10PCS 20088 SUKSES MIE GORENG AYAM KREMES BAG 133GR 1PCS 3.431,30 34.313
1BOX 20184 GOLDA DULCE LATTE BTL 200ML 12PCS 34.900 34.800
1BOX 20272 MILKU COKLAT PREMIUM 200ML 12PCS 34.020 34.020
1BOX 20392 MILKU ORIGINAL 200ML ISI 12 12PCS 34.020 34.020
1BOX 20273 MILKU STROBERI 200ML 12PCS 34.020 34.020
1.Harga sudah termasuk PPN Tanda Trade Promo(Tpg)
2.Klaim Kesalahan Faktur tidak diayani setelah dokumen ini ditanda tangani.
SUB TOTAL 100 Koli 398.832
Mohon Pembayaran Hanya ke 38,00-83,25
PT Depok Distribusindo Raya Rekening yang Tertera Disini
Bank BANK MULTI ARTA SENTOSA MAS1001O31867 Trade Frano 0.245
Selesai dibongkar jam
No.Rek.:
Sebelum ditanda-tangan,harap diperiksa dengan benar
Jika pesanan tidak sesuai hubungi keluhan pelanggan (2x24jam) lampirkan
1.Kode customer dan Detail masalah
2.Bukti SP dan label list
POOLE 31.01.2025 01:26:55
Pembeli(Nama&Stempel) Penjual TOTAL YANG 
DIBAYAR 390.507
Lembar1:Penjual(CR)/Pembeli (Cash) Lembar2:Accounting Lembar3:Pembeli (CR)/Penjual (Cash) Lembar4:Ekspedisi",,,,,,
primer_0061.jpg,"NOTA PENJUALAN (ASLI) PT BALINA AGUNG PERKASA CABANG KIW NO.NOTA348-250570407A009 MOBIL B9803KXR TANGGAL:2025-12-01 Rit 1 DRIVER 13.0450Agung Puji Y HELPER1:25.0068 Rizka Yuliyant PELANGGAN338-250527(R HELPER2: A DEPOK JAWA BARAT KODE NAMA BARANG QTY HARGA DISKON JUMLAH 12111 AQ.1500ML1X12 3 53,500.00 0.00 160,500.00 W0.00 12312 AQ.600ML 1X24 3 47.000.00 141,000.00 TOTAL:19S00 Rp 301,500.00 Diterima Oleh Pengirim Catatan: -untuk pembayaran TUNAl, nota penjualan ASLI untuk pelanggan, -untuk pembayaran KREDIT,nota penjualan COPY untuk.pelanggan. -Harga sudah termasuk PPN. Area:348-PL17/SegmentGT RETAIL GR","NOTA PENJUALAN (ASLI) PT BALINA AGUNG PERKASA CABANG KIW NO NOTA 348-= 250570407A009 MOBIL Bg8O3KXR TANGGAL 2025-12-01 Rıt DRIVER 13 0450 Agung Puji Y HELPER 25.0068 Rızka Yuliyant PELANGGAN 338-250527 (R) HELPER 2 KIOS NADYA, WVR JALAN MAJA NO.24 SUKATANI KECAMATAN TAPOS KOT A DEPOK JAWA BARAT KODE NAMA BARANG QTY HARGA DISKON JUMLAH 12111 AQ 1SOOML 1X12 53,500 0o 0 0o 160,500 00 12312 AQ BOOML 1X24 47,0oo 0o 0 00 141,000 0D TOTAL 189 50o Rp 301,500 Do Diterima Pengirim Catatan untuk pembayaran TUNAI nota penjualan ASLI untuk untuk pembayaran KREDIT notapenjalalan cOPntuk Delaeggao Harga sudah termasuk PPN pelanggan Area 348-PL17 Segment; G RETAIL (GR) Oleh","NOTA PENJUALAN (ASLI) wc scoereveaa [MN NOTA — 348-250 MOBIL =. B9803KXR TANGGAL : 2025-12-01 Rit 1. , DRIVER ~ 13.0450 Agung Puji Y HELPER 1° 25.0068 Rizka Yuliyan PELANGGAN : 338-250527 (R) HELPER 2 | KIOS NADYA, WR - JALAN MAJA NO.24 SUKATANI KECAMATAN TAPOS KOT A DEPOK JAWA BARAT KODE NAMA BARANG HARGA | DISKON | JUMLAH 12111 | AQ.1500ML 1X12 3 53,500.00 | 0.00 160,500.00 12312 | AQ.600ML 1X24 3 47,000.00 WV 0.00 141,000.00 TOTAL: 299 -S06 | Rp 301,500.00 Diterima Oleh Pengirim Catatan : - untuk pembayaran TUNAI, nota penjualan ASLI untuk pelanggan, - untuk pembayaran KREDIT, nota penjualan COPY untuk pelanggan. - Harga sudah termasuk PPN. Area: 348-PL17 / Segment: GT RETAIL (GR)",0.0701,0.3034,0.3051,0.2051,0.9231,0.8462,"NOTA PENJUALAN (ASLI)
PT BALINA AGUNG PERKASA
CABANG KIWI NO.NOTA:348-250570407A009
MOBIL:B9803KXR TANGGAL:2025-12-01 Rit 1
DRIVER: 13.0450Agung Puji Y HELPER1:25.0068 Rizka Yuliyant
PELANGGAN:338-250527(R) HELPER2:
A DEPOK JAWA BARAT
KODE NAMA BARANG QTY HARGA DISKON JUMLAH
12111 AQ.1500ML 1X12 3 53,500.00 0.00 160,500.00
12312 AQ.600ML 1X24 3 47.000.00 0.00 141,000.00
TOTAL: Rp 301,500.00
Diterima Oleh Pengirim
Catatan:
-untuk pembayaran TUNAl, nota penjualan ASLI untuk pelanggan,
-untuk pembayaran KREDIT,nota penjualan COPY untuk pelanggan.
-Harga sudah termasuk PPN.
Area:348-PL17/Segment GT RETAIL (GR)",,,,,,
primer_0062.jpg,()1) TOKOSUKATAN TOKO SUKATANI Perumahan Pondok Sukatani Perma B1ok A2 No.12 Tapos-Depok 2026-04-01 Kasir******* 11:47:58 Promag 1 X Rp 26.000 Rp 26.000 Chocolatos Dr ink 1 X Rp 20.000 Rp 20.000 Ekonomi /Wing 5000 6X Rp 4.500 Rp 27.000 Ekonomi/ Wing 2000 6X Rp 1.800 Rp 10.800 Ultra 250m1 Rp 146.000 1 X Rp 146.000 Super Bubur 5Rp2.700 Rp 13.500 Sub Total Rp 243.300 Total Rp 243.300 Bayar (Cash) Rp 243.300,"trwa Mxatm[ ToK0 SUKAYaN] FPer umahan Pondok   Sukatarıı Per ma 1 B lok A2 No. 12 Tapos Depol 2026-04-01 Kas ir ##t4f1 f 11,47,58 Prozag X Rp 26, 000 Rp 26. 0O0 Chocolatos Dr ink 1 X Rp 20, 000 Rp 20. 000 Ekonowi   /ing 5000 6 X Rp 4. 500 Rp 27.000 Ekonom i / Hing 2000 6 X Rp 1.800 Rp 10.800 Ultra 2500/ 1 X Rp 146. 000 Rp 146. 000 Super Bubur 5 X Rp 2, 700 Rp 13. 500 Sub Total Rp 243. 300 Tota / Rp 243. 300 Bayar   (Cash) Rp 243. 300","TOKA SURATAMT TO SKA Perumahan Pondok Sukataril Perma | Blak AZ No.12 Tapos - ‘Depok = er ee ee a a ee whe rer er ae are ar ind alt oe oe Co Core ee ee ee olillnee iit Se 2026-04-01 Kasir + #RRRKH 11:47: a8 Prom 1 ‘s Rr 26. 000 Rp 26, O00 Chocalatos Or ink 1X Rp 20.000 Ro 20. 000 Ekonomi /Wing 5000 6 X Rp 4,500 Rp 27. 000 Ekonomi/ Wing 2000 G X Rp 1. 800 - | Ro 10. 800 Ultra 200ml 1 X Ro 146. 000 Rp 146. 000 Super Bubur 5X Rp 2. 700 Rp 13. 00 Sub Tota | Rp 243, 300 Total Rp 243. 300 Bayar (Cash) Ro 243. 300 © 40th eee. pitt. a»",0.098,0.2402,0.4902,0.2055,0.8219,1.2877,"TOKO SUKATANI
TOKO SUKATANI
Perumahan Pondok Sukatani Permai
B1ok A2 No.12 Tapos-Depok
2026-04-01 Kasir*******
11:47:58
Promag
1 X Rp 26.000 Rp 26.000
Chocolatos Drink
1 X Rp 20.000 Rp 20.000
Ekonomi /Wing 5000
6 X Rp 4.500 Rp 27.000
Ekonomi/ Wing 2000
6X Rp 1.800 Rp 10.800
Ultra 250ml
1 X Rp 146.000 Rp 146.000
Super Bubur
5 X Rp2.700 Rp 13.500
Sub Total Rp 243.300
Total Rp 243.300
Bayar (Cash) Rp 243.300",,,,,,
primer_0092.jpg,"PT NDCMARCO PRSIATAMA GEDUNG MENARA INDOMARETSOUEVSRD PANTAINDAHRAP JAKARTALTARA NPWP0033/99-6-092000 PONDOK DUTA KP.AREHAN RI/RUO1C/008KEL.TUGU KEC.CIHANGGISKOTA DEPOK16451 1.03.26-18:4241.1C/T6IP-9345/FI0HI/02 118000 18,000 ROTI CK-SRIKAYA216 124200 24,200 AHOND FULL-CRM iL UOUCHER: (1.200 TUTRL BELANJA : 41,000 NON TUNAI : 41.000 ANDA HEMAT : 1,200 DPP=34.850PPN=4182 GA JUAL38018 INOOMARET CARDBARU)-TRXID92347E NO*xxxx3319PURCHSE41.000 LAYANAN KONSUMEN 00 ISWA0811.1500280 1ELP1500200 KONTAKA INDOMARET.COID BELANJALFBIIMUOAHDI KLIKINDOMARET GRAIIS ONGKIR I JAM SAMPAI","52294 1PY [TA 1P Aex+; 4{,R:(1c/(8, RE{ . )VfJ  Ei.CIkfs;{;;, RuTF [EPo;. '6/21 1.03.26-16.$2: 1 12T61P-935/F !iuI/u? {TI (K-Sr1k{a216 ı26n? 16 ,(00 142 Full (Fh ;l '29205 224,20u UiU(FER 41,90) Iuta Erlaxi'a 4:,000 HUI   | ulıh ] 41,6g0 FhDn hehaT 1,200 LFP: 31.25; Pfh:: ;,162 34 J""FL je.j18 [SC""nili (;hv (s'Su)-MAn':92j/E 5âM9.6chs{;:"" 0,3 la(k:' )':,(m1,1 4k(a11 1 , * ) 4711 (,naky 1f Anb J; U/ ."" 4 àl  2%1 , 4 }  Jiua Alv'k1","FORDOK GUT? KP. AREMAN ALSRUSQ1C/008, KEL. 1Ubu AEC. CIMANGGIS, KOTA GEPOK, '6491 os ewe eww ard ~ ew — ew 8 ee a— mew wu XOTI CK-SRIKAYAZIG «©6011 «$8009 «=: 18,000 1.03.26-18:42/4.1 1C/TBIP-9345/F IDHT/02 YHOND FULL CRM iL } 24200 = 24,200 UGUCHER : (1,200) awe ee em unwv ew we Deum www ee 1UTAL BELANJA : 44,000 NON TUNAI : = 47, 000 ANDA HEMAT : 1,200 { : DPP= 34,856 PPN= 4,182 769 JUAL : 38,918 IKOGMARE? CARD (BARU) -FRAID:92347€ NO: xxxxxxxxxyy 43319, PURCHASE: 41,000 1 LAYANAN KONSUME.N Bs wacait 1900 780 TELY 100280 (a) te fia] KONTAK@INDOMARET.CO.IN BELANJA LF BIL MUDAH (21 KLIKINDOMAKE I GRATIS ONGKIR | JAM SAMPAI _ 7 ae",0.2298,0.7767,0.5744,0.6286,1.0714,1.3714,"PT INDOMARCO PRISMATAMA
GEDUNG MENARA
INDOMARET BOULEVARD
PANTAI INDAH KAPUK
JAKARTA UTARA
NPWP0033/99-6-092000
PONDOK DUTA
KP.AREMAN RT/RW:010/008, KEL.TUGU
KEC.CIHANGGIS, KOTA DEPOK,16451
1.03.26-18:4241.1C/TBIP-9345/FIDHI/02
ROTI CK-SRIKAYA216 1 18000 18,000
DIAMOND FULL-CRM 1L 1 24200 24,200
VOUCHER: (1.200)
TOTAL BELANJA : 41,000
NON TUNAI : 41,000
ANDA HEMAT : 1,200
DPP=34.850 PPN=4,182
HARGA JUAL:38,018
INOOMARET CARD(BARU)-TRXID:92347E
NO*************3319,PURCHASE:41,000
LAYANAN KONSUMEN
IS/WA0811.1500.280 TELP 1600280
KONTAK@INDOMARET.COID
BELANJA LEBIH MUDAH DI
KLIKINDOMARET
GRATIS ONGKIR 1 JAM SAMPAI",,,,,,
primer_0093.jpg,ALFT PK T A/02 S455 PONDOK DUTR RRYA LPOR ALFA EL.12.SEA.T PP01.336.238.9-054.000 .YA PNK UTAN.14RI CI BonX707-241-1603126Ka01r LEMNL AIRGOML 23.800 7.6 PUCUK LS 350ML 4.000 8.C Disc.-2.200 CHK12C45 5.600 5.60 PAROI  CKISOS 7.500 7.50 PAROTI 6KJUSOS 8.000 8.00 SINDE JBU 320ML ? 8.600 17.60 Disc.-4.800 KINO CIPIA32OML 7.900 7.90 Disc.-1.000 CL1OPIAM0320ML 7.700 Disc.-1.000 7.700 SINDE LEC 320NL 28.800 Disc.-4.800 17.600 MYROTI CK2256 I 16.500 15.500 Anda Mentaratkan Stano Digital Puffy Budsies 1Staep Dtane Jetal Itea 10 Total Disc 104.000 1otal Belamja 13.800 Turai 90.200 Keabelien 90.200 PPN 0P991.531PP10.008 0 1.16-03-202617.33:04.2006.1.0 ENGERSUMIARSHXEN A-13069 1287pin Anda n exire da 30-500-2027 ALFAGIFT Patengi Pois Jika Anda ester 40 r:1500959,,"a Femel Fata Dts gs PR IG bare UIE! rE Pa Ct fe vai See a Meh C1 NS lee gg wx bore F Mw lew ig ro Par / Bor? 8 GRIE becuse - Leo) ORR Lec, 2 36x 7 bp Atul ig £ 48K 82 Biss. 2.02 Catal? tay 65 1 § 5.08 Paesil @ CHTSo6 1 7 Se ao: Pal] 6 15% | 8.6e8 ax IW 5B) 2m 2 8. 1 ee Biss. -4 8) 6180 CIP e320 1 1 7. Sey Disc. = -1 089 QP ie mo320 re. 4 7.70 Bisc. -1.066 SIME LEC 32Q— 2 8 bes 17.666 Oise. 1X WES TI Ca 2756 Stamp Bigtta 1 Staep ttaeg Jetal Ite 18 ce Sennen,",0.3103,1,0.7697,0.7338,1,0.9712,"ALFAMART PONDOK DUTA RA /0812 S455
PONDOK DUTA RAYA [POIN]
ALFA TOWER LT.12.ALAM SUTERA.T
NPWP:01.336.238.9-054.000
JL.RAYA PONDOK DUTA NO.14 RT CIMANGGIS
Bon X707-241-1603126 Kasir
LEMON AIR600ML 2 3.800 7.600
PUCUK LS 350ML 2 4.000 8.000
Disc. -2.200
CHOK12 CHO 45 1 5.600 5.600
PAROTI B CKL50G 1 7.500 7.500
PAROTI KJU50G 1 8.000 8.000
SINDE JBU 320ML 2 8.600 17.600
Disc. -4.800
KINO CIPIA32OML 1 7.900 7.900
Disc. -1.000
CLLOPIA M0320ML 1 7.700 7.700
Disc. -1.000
SINDE LEC 320ML 2 8.800 17.600
Disc. -4.800
MYROTI CK 225G 1 16.500 16.500
Anda Mendapatkan
Stamp Digital Puffy Buddies
1 Stamp Utama
Total Item 10 104.000
Total Disc 13.800
Total Belanja 90.200
Tunai 90.200
Kembalian 0
PPN DPP:91.531 PPN:10.068
Tgl.16-03-2026 17:33:04 V.2006.1.4
MEMBER:SUMIARSIH *****
A-POIN ANDA 13069
1287 poin Anda akan expired pada
30-Sep-2027
ALFAGIFT
Patengi Poin Jika Anda member 400
kritik&saran:1500959",,,,,,
primer_0116.jpg,"PT. LANCAR HIGUNA SEJAHTERA NPHP845037704416000 JL JALUR SUTERA BARAT KAV 7-9 KELAPA DUA /0 JL KOMJENPOL H YASIN CIMANGGI Bon 6A1F-231-0404UX7Z Kasir :FIKRI AL HEMAV LS 330ML 1 7,800 7,800 ME-O TUNA 80G 2 8,200 16,400 Total Iten 2 24,200 Tunai 50,000 Kerbalian 25,800 REGULER DPP21802PPN 2,398 Tg1. 04-04-2026 09:39:19 V.2026.1.0 HARGA BKP SUDAH TERMASUK PAJAK HHW.LAWSON-INDONESIA.COM GEDUNG ALFA TOWER LANTAI 30 JL JALUR SUTERA BARAT KAV 7-9 ALAM SUTER KOTA TANGERANG","PT Lcar Vi@;; se{tefa {fP 8Jj3770'4165/9 J J2l? siek; E::T Kav 1-9 Yelff; Dy / 0 J K6* H tAS"" Ciyai Lon {41F-251-0*1l K:sı FIYRL #L HehaV (S 324 1,89 1,89 Pe-0 IlwA 23 8,2yj 16,459 Total Iter 2 24,20) Tui 50,U) Keıbaliàn 25,{a REGLER CFP: 21,6j2 Fr:: 2,533 Igl . 0,-04-2026 63:39:19 V.21lô.%.6 F:fÉP sJhh Tfeyar P2!X k,a,lfFc}-JnsyzSin(lA cedJô #f: IlFR USial 2} Jll? sJier} B:aa1 Yad 7-3 %:4 SR I: { Yala","PT, LANCAR WIGUNA SEJAHTERA NPHP : 845037704416000 JL JALUR SUTERA BARAT KAY 7-9 KELAPA DUA / 0 JL KOMJENPOL M YASIN CIMANGG] = mm © eo wwe ee em ewe wee we ee ee eae a ees ae we es ~~ ee et ow ow ree we ee we eee ee we we ei eee we rw oe ee oN er er ee ee sme ee ow oe eee mee oe ewe eon _—— oe ee @ oo ow ow a oe ME-0 TUNA 80G 2 8,200 16,400 LV eo eo Se em ee we es ees ae ee ee ee een ee wwe Total Iten ? 24,200 Ketbal ian 25, 800 REGULER OPP: 21,812 PN et Tgl. 04-04-2008 09:39:19 V.2026.1.0 | oe ON HARGA BKP SUDAH TERMASUK PALA WH. LAWSON- INDONESIA. COM CEDIMG ALFA TOWER LIWTAL 3) J. ALUR SUTRA BARAT KAY 7-4 ALM SUT MNO Rt os",0.0613,0.6047,0.6617,0.1111,1,1.6389,"PT. LANCAR WIGUNA SEJAHTERA
NPWP:845037704416000
JL JALUR SUTERA BARAT KAV 7-9
KELAPA DUA /0
JL KOMJENPOL H YASIN CIMANGGI
Bon 6A1F-231-0404UX7Z Kasir :FIKRI AL
HEMAV LS 330ML 1 7,800 7,800
ME-O TUNA 80G 2 8,200 16,400
Total Item 2 24,200
Tunai 50,000
Kembalian 25,800
REGULER DPP:21,802 PPN:2,398
Tgl. 04-04-2026 09:39:19 V.2026.1.0
HARGA BKP SUDAH TERMASUK PAJAK
WWW.LAWSON-INDONESIA.COM
GEDUNG ALFA TOWER LANTAI 30
JL JALUR SUTERA BARAT KAV 7-9 ALAM SUTER
KOTA TANGERANG",,,,,,
primer_0082.jpg,"**ASLI * Cetakan ke 1 PT.FASTRATA BUANA USAT JL.SuCi No.75 RT.009/RW.04 Susukan-Ciracas PT NPWP 01.548.048.6-007.000 CABANG JL.Tole Iskandar RT.007 RW.004 No.16 Kelurahan :Sukmajaya, 0 Kecamatan :Sukmajaya |Telp. 21-77886286 SNPWP :null FAKTUR PENJUALAN 1011417750019693.1001 TAA Tanggal 08-10-2025/11:00 Wiraniaga RINA APRIYANNTI SPelanggan 5200-0037193 KI0SNADYA ""Alamat JL SALAK 2 BLOK Aa NO 1 RT0 05/014 redit/TEMPO CASH/08-10-2025 Qty Harga Potongan Jumlah(INC PPN) SP MERAH 50 X 60 GRJW/PG/BT 10Bks8.700087.000 P0R0 E:0 0 Box10 Non Box Sub Total 87.000 Potongan :0 :0 Rp.87.000 HotalInc PPN","5 Asl / ; (elall &e PI Fasirata HIANa 1 'USAT Jl , Sul:1 Nu . 75 RI .01J9/ Rw . 64 Slisl Q(1 LITacas EWwp 01.548.048.6   Uu7 , 0uu ABANG JL. Tole Iskandar RT. bú7 RW . 664 No , 16 kelurahıan Sukma Jaya kecamatan Sukma Jaya |lelp. 8 { 7836286 gNFWí' Iull FAKTUR PeMJIAI AN 1 No . Faktur 101141775.0019693. 1001 f àl1gga L 08- 10-2025 11:60 ranıaga RINA APRIYANNTi elanggan 5200-0637193 KIDS NADYA Lamat JL SALAK 2 BLOK Aa N0 1 RT u 65/014 Kredit /TEMPO CASH/ 68-10-2025 Oty Harga Potongan Junlah( INC PPN) SP HERAH (50 X 60 GR) (JW/PG/BT ) 8 10 Bks 8 . 706 0 87 .úlju P; 0 R: 6 E: 0 Éoa Ity Bax 10 Non BJox Total 87 .6u0 SPotondarı gotangan Tambahan 4otongan oIP Fotal( Inc PPN ) Rp, 87.iu",": SL) 5 Getakan ke P < PT. FASTRATA BUANA MisaT + Jk. Suct No. 75 RT.009/RW.04 . Sustikdn ~ Clracas ONPWP - 01,548.048.6 007.000 | “WOABANG —: JL. Tole Iskandar RT. 007 RW. 064 No. 16 Kelurahan : Sukmajaya, Kecamatan : Sukmajaya |lelp. 6 si 717886286 : >NPWP ~ mull 3 FAKTUR PENJIUALAN < _J Ov Faktur - 181141775 0019693. 1001 STangaal . @B- 18-2825 / 11:08 movi raniaga ; RINA APRIYANNTI @Pelanggan ; §200-6637193 KIOS NADYA “ALanat ; JL SALAK 2 BLOK Aa NO 1 RI v aus /al4 (ty Harga Potongan Jumblah( INC PPN) S1. SP MERAH (58 X 6@ GR) (JW/PG/BT) é¢ 10Bks 8.700 @ 87.600 ""Ds & OR: G E: § Zlotal Oty : 6 Box | 18 Non Bax | moub Total - 87.600 otongan mo Sotongan lambahan : @ @otangan OTP : 0 LL Elotal(Inc PPN)",0.1749,0.3885,0.3916,0.4409,1.3011,1.2581,"**ASLI**
Cetakan ke 1
PT.FASTRATA BUANA
PUSAT: JL.Suci No.75 RT.009/RW.04
Susukan-Ciracas
NPWP: 01.548.048.6-007.000
CABANG: JL.Tole Iskandar RT.007 RW.004
No.16 Kelurahan :Sukmajaya,
Kecamatan :Sukmajaya |Telp.
21-77886286
NPWP : null
FAKTUR PENJUALAN
No.Faktur : 1011417750019693.1001
Tanggal : 08-10-2025/11:00
Wiraniaga : RINA APRIYANNTI
Pelanggan : 5200-0037193 KI0S NADYA
Alamat : JL SALAK 2 BLOK Aa NO 1 RT 0
05/014
Kredit/TEMPO : CASH/08-10-2025
Qty Harga Potongan Jumlah(INC PPN)
SP MERAH (50 X 60 GR)(JW/PG/BT)
10Bks8.700087.000
P:0 R:0 E:0
0 Box|10 Non Box
Sub Total 87.000
Potongan : 0
Potongan Tambahan : 0
Total(Inc PPN) : Rp.87.000
",,,,,,
primer_0096.jpg,TONG CV.Mega Artha Semesta JI.Jend.A.Yani No.62D Kota Bo gor.Jawa Barat Telp 0251-8348850 NPWP74.940.227.7-404.000 No PF4026011918007 Date 19-01-2026 Sales PF40-ADITIA FAHLANI Customer:30204125 KIOS NADYA Address JALAN BELIMBING 4 PERUMAHAN SUK ATANI DEKAT TOKO RIDHA TOP ID DCash On Delivery<OD> TONG TJI CELUP JASMINE TANPA AMPLOP 10PCSx9.350 93.500 Total Items 1 Total Qty : 10 Subtotal 93.500 Total Di scount 0 Total 93.500 Payment Type Cash Amount Paid 93.500 Di screpancy 0 *Non Taxable: 0 Taxable 84.234 : Tax 9.266 : Print Time :19-01-2026 12:13:13 Harga Sudah Termasuk PPn Terimakasih PEMBAYARAN TRANSFER BANK BCA: 1743007798 ANMEGA ARTHA SEMESTA CV,"UoNG tłıa JI Jend Yanı ""b 620 Kor a Bu 9u Jaw Bsr at Telp 0251 8348850 NwP 74 940 227 7-404 Wo #b A 4026011918007 Date 19-01-2026 Sales PF40-ADITZA FAHAMI lstoner 30204125 KIOS Nadya Address JALAN BELIMBING PERUMAHAN SU ATANI ( DeKaT ToKo RIDHA Top Id Cash @n Delivery (OD) Toi TJ}  celuP   Jashiae Taaa AAPloP 10 PC x 9.350 93.500 Total   Itens Total Aty 10 Subtotal 93.500 bi scaunt Total 93,.500 Paxment Anunt  Paid 93.500 Di screpancy xHbn Taxabl0 Taxable 84.234 Jax 9.266 Pr   nt  Tıme 19 o1 2026 12 13 1J Sudh Termasuk PPn Ter 1 mkası PExBAYARAN TRagt [R Bnk BCa 17430/798 NN MQs #Tha SEkSTA CY Hssya Sonesta Totał Ispe Cash Har9a","CV. Mega Atha Semesta JI. Jend A> Yani No 62D Kota Bo gor. Jawa Barat Telp 0251 -- 8348850 NPWP 74. 940. 227. 7-404. 000 - PF 4026011918007 Date : 19-01-2026 Sales: PFAQ-ADITIA FAHLANI Customer : 30204125 KIOS NADVA Address . JALAN BELIMBING 4 PERUMAHAN SUK ATANI (DEKAT TOKO RIDHAD TOP ID =: Cash On Delivery (OD) A RN ee we eee ~—e e ew ele ie ee Mee ee ee ee oe _— —_~ TONG TUT CELUP JASMINE TANPA AMPL OP 10 PCS x 9, 360 93, 506 Total Items 1 Total Qty: 10 Subtotal : 93,500 Total Discount: 0 Total ' 93,500 Payment Type: Cash Anount Paid : 93, 500 Discrepancy 0 Non Taxable 0 Taxable 84,234 Tax 8 ew ee ome ee ee ee mee em me Print Time : 19- 01 2006 1 12:13: 13 Harga Sudah Termasuk PPh Teri makasi hy PEMBAVARAN TRANSFER BANK BCA 1743007798 VN : MEGA ARTHA SEMESTA CV Ce eS ee ed ‘.. enema,",0.0909,0.4143,0.3383,0.2474,1.0619,1.1546,"TONGJI
CV.Mega Artha Semesta
JL.Jend.A.Yani No.62D Kota Bo
gor.Jawa Barat
Telp 0251-8348850
NPWP 74.940.227.7-404.000
No: PF4026011918007
Date: 19-01-2026
Sales: PF40-ADITIA FAHLANI
Customer:30204125
KIOS NADYA
Address JALAN BELIMBING 4 PERUMAHAN SUK
ATANI DEKAT TOKO RIDHA
TOP ID Cash On Delivery<OD>
TONG TJI CELUP JASMINE TANPA AMPLOP
10PCSx9.350 93.500
Total Items: 1
Total Qty : 10
Subtotal: 93.500
Total Discount: 0
Total: 93.500
Payment Type: Cash
Amount Paid: 93.500
Discrepancy: 0
*Non Taxable: 0
Taxable: 84.234
Tax : 9.266
Print Time :19-01-2026 12:13:13
Harga Sudah Termasuk PPn
Terimakasih
PEMBAYARAN TRANSFER
BANK BCA:
1743007798
A/N : MEGA ARTHA SEMESTA CV",,,,,,
primer_0099.jpg,"PT.LANCAR WIGUNA SEJAHTERA NPWP845037704416000 JL JALUR SUTERA BARAT KAV 7-9 KELAPA DUA /O JL KOMJENPOL M YASTN CIMANGGI Bon 6A1F-288-1104D424 Kasir:NADHIRA ME-0 KTN TNA80G 2 8,500 17,000 Disc. -600 LW TAS KECIL 1- 3,500 3,500 Total Iten 2 20,500 Total Disc. 600 Total Belanja 19,900 Tunai 50,000 Kembalian 30,100 REGULER DPP17928PPN 1,972 Tg1. 11-04-2026 13:02:39 V.2026.1.0 HARGA BKP SUDAH TERMASUK PAJAK WWW.LAWSON-INDONESIA.COH GEOUNG ALFA TOWER LANTAI 30 JL JALUR SUTERA BARAT KAV 7 9A  KOTA TANGERANG","PT. LAXCAR WIGUNA  SEJAHTERA NPHP 845037704416006 J JALUR SUTERA BARAT KAV 7-9 KELAPA DUA 1 KOHJENPOL M 'ASIN CIHANGGI Bon 6AIF-268-11040424 Kasir NıHIRA K-0 KTN   Tnabog 2 8,500 17,000 Disc. 600 LV Tas kecil 3,500 3,500 Total Iter 20,500 Total Disc. 600 Total Belava 19,900 Tuai 50,000 Ye:balıen 30,100 KOLER UP: 11,928 PfX: 1,972 Igl . 11-(4+2026 13:02:3) V.226.1.0 1:&P Of Ihaa% Paiky C;mfam 1n% sia,lla (:Xna Ic K laaia1 'S) Mai} >1};ua {?a1 MkY ; ^ Yjlk Vwfg;s ~","— PT, LANCAR WIGUNA SEJAHTERA NPHP : 84503770441 6000 JL JALUR SUTERA BARAT KAY 7-9 KELAPA DUA / 0 JL KOMJENPOL M YASTN CIMANGG] Bon GAIF-288-T104DA24 Kasi = NAUMIRA | ME-OKTN TNABOG = 28500 17,000 Disc. -600 ee eee ee ee es ee ee ee ee a ae ee ee ee ee ce ee we ee ee es ee a oe ome oe LW TAS KECIL + 3,500 3,500 Total Iter 2 70,500 Total Disc. 600 Total Belanja 19,900 Tunai 50, 000 Ketbal ian 30, 100 REGULER DPP: 17,928 PPN: 1,972 eee www ee eww TT we es ee ~ ew 2 wena nan ange See ee TET Sera awa ween aaa =e a> Oe Oe BD om ow 1 wm oe ot oe Val. 11-04-2026 13:02:39. v.2026. 1.0 4---- OT ae ae oe a me - HARGA EXP SUOAH TERAASUX PAJAK WWW, LAWSON- INDONESIA, COM CEDUNG ALFA TOWER LANTAI 30 JL JALUR SUTFRA BARAT wy ES hw Sen KOTA_TAN",0.0591,0.3898,0.6024,0.0921,0.7368,1.5526,"PT.LANCAR WIGUNA SEJAHTERA
NPWP:845037704416000
JL JALUR SUTERA BARAT KAV 7-9
KELAPA DUA /O
JL KOMJENPOL M YASTN CIMANGGI
Bon 6A1F-288-1104D424 Kasir:NADHIRA
ME-0 KTN TNA80G 2 8,500 17,000
Disc. -600
LW TAS KECIL 1 3,500 3,500
Total Item 2 20,500
Total Disc. 600
Total Belanja 19,900
Tunai 50,000
Kembalian 30,100
REGULER DPP:17,928 PPN:1,972
Tg1. 11-04-2026 13:02:39 V.2026.1.0
HARGA BKP SUDAH TERMASUK PAJAK
WWW.LAWSON-INDONESIA.COM
GEDUNG ALFA TOWER LANTAI 30
JL JALUR SUTERA BARAT KAV 7 9A
KOTA TANGERANG",,,,,,
primer_0109.jpg,"NOTA PENJUALAN (ASLI) PT BALINA AGUNG PERKASA CABANG KIW NO.NOTA348-250555053A015 MOBIL B9737KXR TANGGAL2025-09-29 Rit2 DRIVER23.0477 Suratman HELPER123.0285Irhas PELANGGAN:338-250527 (R) HELPER2: A DEPOK JAWA BARAT DISKON JUMLAH KODE QTY HARGA NAMA BARANG 0.00 107,000.00 12111 2 53,500.00 AQ.1500ML1X12 TOTAL: Rp407,000.00 1oy.000 Pengirim Diterima Oleh Catatan: -untuk pembayaran TUNAl, nota penjualan ASLI untuk pelanggan, -untuk pembayaran KREDIT, nota penjualan COPY untuk pelanggan -Harga sudah termasuk PPN. Area:348-PL17/Segment:GT RETAIL (GR)","NOTA PENJUALAN (ASLI) PT BALINA AGUNG PERKASA CABANG KIW NO. NOTA 348-2505550534015 MOBIL B9737KXR TANGGAL 2025-09-29 Rıt 2 DRIVER 23.0477 Surałman HELPER 23 0285 Irhas PELANGGAN 338-250527 (R) HELPER 2 KIOS NADYA WR JALAN MAJA NO.24 SUKATANI KECAMATAN TAPOS KOT A DEPOK JAWA BARAT KODE NAMA BARANG QTY HARGA DISKON JUMLAH 12111 15OOML 1X12 53,500.00 0.0o 107,000.00 TOTAL Rp 487,000.0o Diterima Oleh Pengirim 104 - Catatan untuk pembayaran TUNAI, nota penjualan ASLI untuk pelanggan; untuk pembayaran KREDIT_ nota penjualan COPY untuk pelanggan Harga sudah termasuk PPN Area: 348-PLI7 Segment GT RETAIL (GR) AQ 00","PT BALIN AGUNG BeeKASe MM preauinwacunereniasa [Ill fl CABANG KIWI O. NOTA : 348-25055 MOBIL - B9737KXR TANGGAL * 2025-09- 0 Rit? DRIVER —_: 23.0477 Suratman HELPER 1: 23.0285 Irhas PELANGGAN : 338-250527 (R) HELPER 2 : | KIOS NADYA, WR - JALAN MAJA NO.24 SUKATANI KECAMATAN TAPOS KOT A DEPOK JAWA BARAT | KODE | NAMABARANG | BARANG QTY | HARGA | DISKON JUMLAH 12111 | AQ.1500ML 1X12 male 107,000.00 TOTAL : rome; RR 80.00 rome; RR 80.00 Diterima Oleh Pengirim VA OY ; 000 Catatan : - untuk pembayaran TUNAI, nota penjualan ASLI untuk pelanggan, - untuk pembayaran KREDIT, nota penjualan COPY untuk pelanggan. - Harga sudah termasuk PPN. Area: 348-PL17 / Segment: GT RETAIL (GR) \ 9",0.2654,0.123,0.2832,0.439,0.5122,0.8537,"NOTA PENJUALAN (ASLI)
PT BALINA AGUNG PERKASA
CABANG KIWI NO.NOTA:348-250555053A015
MOBIL : B9737KXR TANGGAL : 2025-09-29 Rit2
DRIVER : 23.0477 Suratman HELPER1 : 23.0285Irhas
PELANGGAN:338-250527 (R) HELPER2:
KIOS NADYA, WR-JALAN MAJA NO.24 SUKATANI KECAMATAN TAPOS KOT
A DEPOK JAWA BARAT
KODE NAMA BARANG QTY HARGA DISKON JUMLAH
12111 AQ.1500ML1X12 2 53,500.00 0.00 107,000.00
TOTAL: Rp107,000.00
Diterima Oleh Pengirim
Catatan:
-untuk pembayaran TUNAI, nota penjualan ASLI untuk pelanggan,
-untuk pembayaran KREDIT, nota penjualan COPY untuk pelanggan
-Harga sudah termasuk PPN.
Area:348-PL17/Segment:GT RETAIL (GR)",,,,,,
primer_0111.jpg,MR.D.I.Y. PT DAYA INDAH NAWASENA NPWP:055.7859.6806.3000 Gedung AIA Central Lanti 30 Jalan Jenderal Sudirman Kav.48A Jakorta Selatan -12930 FS Ruko Tanah Merah Sepatan Timur) -INVOICE 3DSCENE STICKER WST117102# 8956260 1X14.500 Items:1 Qty(s)1 Total Incl. PPN Rp14.500 CASH Rp14.500 PPN included in toal p1.437 11-04-2612:04/SH01/G8001T1.R000011611 OPERATOR ID-XSPI-FITRI RAHMADANI PENUKARAN BARANG DIPERBOLEHKAN DALAM WAKTU 7 HARI SETELAH PEMBELIAN CUST0MERCARE021-30022789ATAU PESAN WHATSAPP 08119789107 SENIN-JUMAT09.00-19.00 EMAIL: CS.INDONESIA@MRDIY.COM WEBSITE :WWW.MRDIY.COM/ID Yuk Bantu MR.DIy meningkatkan kualitas pelayananl,"L2 4 ""  "" 74 [! , {( > '(Etjl 2u  h Ft, # ( $ ) Iut u Ir . 1 Fv'n (A'M +N 1"" l , + 11 014 ` / / +9411 1l ,1 VFe k 4 PEMIA akaN BARan{ , [uFł h *1 > +/1 15, 14 DakTu HAk[ Y( ne tan Fe""p,l [an CIJs Tl ""E k (ek4 I , ] Jtt) / 2 76 ' 414, | Pí _AN rhfATsApf (M 1 1)r'1617 (sENIN 1/)4A T 61' #Jt) 1"" 4441 f#a[L (s IN[ı(te s IAnmk[,[Y . ( 6F BsITE nnw MH [) [ Y (6"", I [1 Yı k 8 >, t L Ma [P[  M.'""'1f6' 1fk Lf nt IYaf Jr|","MARLO. TLY. PT DAYA INDAH NAWASENA (NPWP:055.7459. G8W6. 5000) Gedinp ATA Central, Lart: 1 36 Jalan Jenderal Studinrman Kav. 4BA Jako. ta Selatan - 12530 (FS RukoO Tanuh Moran Sepatan Timur ) -INVOICE - eS a ed 3D SCENE STICKER WST117-102# (5856260 1X 14.500 f & Item(s) : 1 Qty(s) 4 1 we eee ee we ee ase Total Incl. PPN Rp 14.508, CASH Rp 14.5065. m PPN incltided tm ta al ip 1.437 oe . _. en . 11-64-20 12°06 SHULL G' #801) [1)R606611011 OPERATOR 10-XSPI-FITR. RAHMAGA I PENUKARAN BARANG DLPERBOLEHKAN DALAM WAKTU 7 HARI SETELAH PEMBELIAN CUSTOMER CARE : @21-30022789 ATAU PESAN WHATSAPP @8119789107 (SENIN - JUMAT, 09.00 - 19.80) EMAIL: CS.INDONESIA@MRDIY.COM WEBSITE : WWW.MRDIY.COM/ID Yuk, Bantu MR.DIY meningkatkan kualitas os pelayanan|",0.0706,0.862,0.2899,0.2055,1.6027,1.2329,"MR.D.I.Y.
PT DAYA INDAH NAWASENA
(NPWP:055.7859.6806.3000)
Gedung AIA Central Lantai 30
Jalan Jenderal Sudirman Kav.48A
Jakarta Selatan -12930
FS Ruko Tanah Merah Sepatan Timur)
-INVOICE-
3D SCENE STICKER WST117-102#
8956260 1X14.500 Rp14.500
Items:1 Qty(s)1
Total Inci. PPN Rp14.500
CASH Rp14.500
PPN included in total Rp1.437
11-04-2612:04/SH01/GT8001T1.R000011611
OPERATOR ID-XSPI-FITRI RAHMADANI
PENUKARAN BARANG DIPERBOLEHKAN DALAM
WAKTU 7 HARI SETELAH PEMBELIAN
CUSTOMERCARE021-30022789ATAU
PESAN WHATSAPP 08119789107
SENIN-JUMAT09.00-19.00
EMAIL: CS.INDONESIA@MRDIY.COM
WEBSITE :WWW.MRDIY.COM/ID
Yuk Bantu MR.DIY meningkatkan kualitas
pelayanan!",,,,,,
primer_0117.jpg,SMS/VH01004U886 ALFAMART PONDOK DUTA RA/0812 9466 1837 PONDOK DUTA RAYA [PDTR ALFA TOWER LT.12ALAM SUTERA.TANGERANG NPWP01.336.238.9-054.000 JL.RAYA PONDOK DUTA NO.14 RT CIMANGGIS BonX707-899-12055H34 KasirINDAH ROSE GULAKNG1KG 1 17.500 17.500 SUKSESS2 AC140G 4.300 4.300 SUKSESS AYM129G 1 4.300 4.300 SUKSESS2 RD132G 1 4.300 4.300 V-SOY SOY 300ML 1 14.600 14.600 3 6.200 18.600 OTSIDE BBS200ML Disc. -1.500 3 8.100 24.300 WSKS J.TUNA 80G 7 87.900 Total Item 1.500 Total Disc. 100 SEDEKAH KEMANUSIAAN 86.500 Total Belania 90.000 Tunai 3.500 Kembalian 6.976 PPN DPP63.423 PPN I91. 12-05-2026 16:41:55V.2026.3.0 Kritik&Saran:1500959,"2a )1 Wh Vi| iiu U69n AlfrhhRt fonouk Duta Ra 0612 9468 16,97 Pondik Duia Raya (PDik) Alfa ToueR (1.12. AlAn Sutepa. TangEfaw; NfuP 01.336.238.9-054.000 Jl _ RAFA Ponduk Duta NO.14 R1 ([mkhiI; Bon 1707-899-12055H34 Kasir Indah Rose Gulakhgikg 17,500 11,500 SuKsesS2 ac1406 300 4.300 sUKSESS ayM1296 300 300 SUKSESS2 Rd1326 300 4,300 V-soy SoY 30oML 14,600 14.600 OISIDE BBS2ooML 6,200 18,600 Disc. -1,500 Vsks J.Tuha bo6 3 8 .100 24.J0c Total Item 81,sco Iotal Disc. 1,5C? sedekAh KEMANUSIAan ic; Iotal Belenia 86.52 Iunai 91.08 1.,52` Yeatalın Pfw DfP: 6).42} PFn: 0.9* 12-05+2026 16:41355 V.202.).0 Krıtil ESar 80:1400859","SiS /WH! Ov uDguayt ALFAMART PONDOK DUTA RA / 0812 9466 1837. PONDOK DUTA RAYA CPDIRI ALFA TOWER LT.12. ALAM SUTERA, TANGERANG NPWP : 01.336.238.9-054.000 y JL. RAVA PONDOK DUTA NO.14 RT CIMANGGIS \ me ew ee ee em ee ee ee ee ee ee ee WA eu eB ew eB ee we Te ee eS Se Oe ee woe Eee ae 0 ne ome me ey es ee ee ee ee ee ee ew Oe ee ROSE GULAKNGIKG 1 17.500 SUKSESS2 AC140G 1 4,300 SUKSESS AYH1296 1 4,300 SUKSESS2 RD132G 1 4,300 V-SOY SOY 300HL 1 14.600 f_ OTSIDE BBS200ML «= 3«6.200 ZA Oisc. -1.500 7 SKS J.TUNA 806 = 38. 100 a y Total Iten 7 yy Total Disc. fgg SEDEKAH KEMANUSTAAN Total Belania Tunai Kembalian ek cael ee eo ea = awe ce ae me On ant Gn ee tan a te ON Ee ee Or ; sae 0 ote ON OD Ow ee a ee ee em OE waa - can wre tae on On oe we DO vs awwearnae “J Kritiksseran: 1500959",0.1773,0.4355,0.6221,0.3871,1,1.4839,"SMS/WH:08111064U888
ALFAMART PONDOK DUTA RA/0812 9466 1837
PONDOK DUTA RAYA [PDTR]
ALFA TOWER LT.12. ALAM SUTERA.TANGERANG
NPWP : 01.336.238.9-054.000
JL.RAYA PONDOK DUTA NO.14 RT CIMANGGIS
Bon X707-899-12055H34 Kasir : INDAH
ROSE GULAKNG1KG 1 17.500 17.500
SUKSESS2 AC140G 1 4.300 4.300
SUKSESS AYM129G 1 4.300 4.300
SUKSESS2 RD132G 1 4.300 4.300
V-SOY SOY 300ML 1 14.600 14.600
OTSIDE BBS200ML 3 6.200 18.600
Disc. -1.500
WSKS J.TUNA 80G 3 8.100 24.300
Total Item 7 87.900
Total Disc. 1.500
SEDEKAH KEMANUSIAAN 100
Total Belanja 86.500
Tunai 90.000
Kembalian 3.500
PPN DPP:63.423 PPN:6.976
12-05-2026 16:41:55 V.2026.3.0
Kritik&Saran:1500959",,,,,,